total_pokemon,avg_height,avg_weight
1350,20.45259259259259,991.7192592592593
